微信支付账单明细,,,,,,,,,,
微信昵称：[示例],,,,,,,,,,
起始时间：[2026-09-01 00:00:00] 终止时间：[2026-09-30 23:59:59],,,,,,,,,,
导出类型：[全部],,,,,,,,,,
,,,,,,,,,,
----------------------微信支付账单明细列表--------------------,,,,,,,,,,
交易时间,交易类型,交易对方,商品,收/支,金额(元),支付方式,当前状态,交易单号,商户单号,备注
2026-09-01 08:12:00,商户消费,星巴克,拿铁,支出,¥32.00,零钱,支付成功,4200001001,10001,/
2026-09-02 12:30:00,商户消费,美团外卖,午餐,支出,¥28.50,零钱通,支付成功,4200001002,10002,/
2026-09-03 19:05:00,商户消费,永辉超市,食材,支出,¥156.80,招商银行(1234),支付成功,4200001003,10003,/
2026-09-05 09:00:00,转账,张三,转账,支出,¥200.00,零钱,已收钱,4200001004,10004,/
2026-09-06 20:00:00,微信红包,李四,红包,收入,¥66.00,零钱,已收钱,4200001005,10005,/
2026-09-08 10:00:00,零钱提现,招商银行,提现,不计收支,¥500.00,零钱,提现成功,4200001006,10006,/
